{"initial_reset_timestamp": 1563564740.6086104, "timestamps": [1563564785.169352], "episode_lengths": [1000], "episode_rewards": [1226.1915573166696], "episode_types": ["t"]}